league,season,team,M,W,D,L,G,GA,PTS,xG,xGA,xPTS
EPL,2024,Liverpool,38,25,9,4,86,41,84,93.24,42.32,81.84
EPL,2024,Arsenal,38,20,14,4,69,34,74,73.57,39.98,72.96
EPL,2024,Manchester City,38,21,8,9,72,44,71,73.15,52.90,64.66
EPL,2024,Chelsea,38,20,9,9,64,43,69,73.12,54.26,62.56
EPL,2024,Newcastle United,38,20,6,12,68,47,66,71.48,53.98,62.61
EPL,2024,Aston Villa,38,19,9,10,58,51,66,66.39,55.00,61.53
EPL,2024,Nottingham Forest,38,19,8,11,58,46,65,52.75,55.92,50.01
EPL,2024,Brighton,38,16,13,9,66,59,61,65.28,59.12,57.26
EPL,2024,Bournemouth,38,15,11,12,58,46,56,72.62,53.99,65.03
EPL,2024,Brentford,38,16,8,14,66,57,56,67.12,60.86,54.94
EPL,2024,Fulham,38,15,9,14,54,54,54,58.00,49.23,57.60
EPL,2024,Crystal Palace,38,13,14,11,51,51,53,67.78,58.88,58.16
EPL,2024,Everton,38,11,15,12,42,44,48,46.87,53.66,47.65
EPL,2024,West Ham,38,11,10,17,46,62,43,50.59,68.09,41.76
EPL,2024,Manchester United,38,11,9,18,44,54,42,56.91,60.73,52.24
EPL,2024,Wolverhampton Wanderers,38,12,6,20,54,69,42,45.37,61.57,41.45
EPL,2024,Tottenham,38,11,5,22,64,65,38,65.36,68.23,50.07
EPL,2024,Leicester,38,6,7,25,33,80,25,38.06,85.89,26.43
EPL,2024,Ipswich,38,4,10,24,36,82,22,40.42,83.73,28.45
EPL,2024,Southampton,38,2,6,30,26,86,12,38.63,98.35,22.69
La_Liga,2025,Barcelona,38,31,1,6,95,36,94,99.67,50.71,79.06
La_Liga,2025,Real Madrid,38,27,5,6,77,35,86,81.49,44.99,75.93
La_Liga,2025,Villarreal,38,22,6,10,72,46,72,68.84,53.67,63.28
La_Liga,2025,Atletico Madrid,38,21,6,11,62,44,69,68.11,53.14,61.83
La_Liga,2025,Real Betis,38,15,15,8,59,48,60,61.30,50.32,59.96
La_Liga,2025,Celta Vigo,38,14,12,12,53,48,54,51.99,56.34,51.37
La_Liga,2025,Getafe,38,15,6,17,32,38,51,33.96,48.31,42.95
La_Liga,2025,Rayo Vallecano,38,12,14,12,41,44,50,59.98,56.34,55.90
La_Liga,2025,Valencia,38,13,10,15,46,55,49,53.95,55.53,53.54
La_Liga,2025,Real Sociedad,38,11,13,14,59,61,46,59.70,60.54,54.61
La_Liga,2025,Espanyol,38,12,10,16,43,55,46,52.38,62.67,44.13
La_Liga,2025,Athletic Club,38,13,6,19,43,58,45,55.65,47.12,56.90
La_Liga,2025,Elche,38,10,13,15,49,57,43,48.17,68.93,41.67
La_Liga,2025,Alaves,38,11,10,17,44,56,43,53.58,52.97,52.58
La_Liga,2025,Sevilla,38,12,7,19,46,60,43,39.65,61.32,37.88
La_Liga,2025,Osasuna,38,11,9,18,44,50,42,51.46,51.64,53.36
La_Liga,2025,Mallorca,38,11,9,18,47,57,42,47.51,65.85,39.79
La_Liga,2025,Levante,38,11,9,18,47,61,42,59.60,66.65,47.79
La_Liga,2025,Girona,38,9,14,15,39,55,41,52.13,65.82,45.11
La_Liga,2025,Real Oviedo,38,6,11,21,26,60,29,41.50,67.74,36.08
Bundesliga,2025,Bayern Munich,34,28,5,1,122,36,89,104.81,44.65,77.45
Bundesliga,2025,Borussia Dortmund,34,22,7,5,70,34,73,67.80,42.78,61.90
Bundesliga,2025,RasenBallsport Leipzig,34,20,5,9,66,47,65,75.18,53.48,61.33
Bundesliga,2025,VfB Stuttgart,34,18,8,8,71,49,62,68.33,53.45,57.67
Bundesliga,2025,Hoffenheim,34,18,7,9,65,52,61,63.15,54.09,54.40
Bundesliga,2025,Bayer Leverkusen,34,17,8,9,68,47,59,75.25,50.96,61.07
Bundesliga,2025,Freiburg,34,13,8,13,51,57,47,50.13,53.57,45.20
Bundesliga,2025,Eintracht Frankfurt,34,11,11,12,61,65,44,51.02,55.55,45.20
Bundesliga,2025,Augsburg,34,12,7,15,45,61,43,51.27,65.53,39.44
Bundesliga,2025,Mainz 05,34,10,10,14,44,53,40,63.26,61.87,50.36
Bundesliga,2025,Union Berlin,34,10,9,15,44,58,39,48.41,56.06,46.05
Bundesliga,2025,Borussia M.Gladbach,34,9,11,14,42,53,38,46.69,56.61,40.54
Bundesliga,2025,Hamburger SV,34,9,11,14,40,54,38,43.83,66.06,35.18
Bundesliga,2025,FC Cologne,34,7,11,16,49,63,32,53.83,61.85,41.12
Bundesliga,2025,Werder Bremen,34,8,8,18,37,60,32,42.35,61.86,37.74
Bundesliga,2025,Wolfsburg,34,7,8,19,45,69,29,52.58,65.13,40.70
Bundesliga,2025,FC Heidenheim,34,6,8,20,41,72,26,49.97,71.59,34.81
Bundesliga,2025,St. Pauli,34,6,8,20,29,60,26,34.03,66.81,26.31
Serie_A,2025,Inter,38,27,6,5,89,35,87,87.05,35.85,82.69
Serie_A,2025,Napoli,38,23,7,8,58,36,76,57.76,41.63,63.46
Serie_A,2025,Roma,38,23,4,11,59,31,73,62.63,42.59,66.64
Serie_A,2025,Como,38,20,11,7,65,29,71,67.97,39.54,68.81
Serie_A,2025,AC Milan,38,20,10,8,53,35,70,64.81,46.12,64.46
Serie_A,2025,Juventus,38,19,12,7,61,34,69,74.16,36.12,75.50
Serie_A,2025,Atalanta,38,15,14,9,51,36,59,68.65,51.70,64.18
Serie_A,2025,Bologna,38,16,8,14,49,46,56,50.04,50.91,52.39
Serie_A,2025,Lazio,38,14,12,12,41,40,54,46.18,49.00,48.24
Serie_A,2025,Udinese,38,14,8,16,45,48,50,47.29,57.02,46.53
Serie_A,2025,Sassuolo,38,14,7,17,46,50,49,48.02,61.07,46.44
Serie_A,2025,Parma Calcio 1913,38,11,12,15,28,46,45,36.15,61.80,37.64
Serie_A,2025,Torino,38,12,9,17,44,63,45,51.55,60.36,47.42
Serie_A,2025,Cagliari,38,11,10,17,40,53,43,43.73,60.36,42.05
Serie_A,2025,Fiorentina,38,9,15,14,41,50,42,52.17,57.46,48.38
Serie_A,2025,Genoa,38,10,11,17,41,51,41,48.13,55.70,46.29
Serie_A,2025,Lecce,38,10,8,20,28,50,38,37.23,64.80,36.05
Serie_A,2025,Cremonese,38,8,10,20,32,57,34,37.49,66.51,36.44
Serie_A,2025,Verona,38,3,12,23,25,61,21,37.39,55.58,40.98
Serie_A,2025,Pisa,38,2,12,24,26,71,18,42.16,66.46,39.11
Ligue_1,2025,Paris Saint Germain,34,24,4,6,74,29,76,75.64,33.60,73.32
Ligue_1,2025,Lens,34,22,4,8,66,35,70,74.36,42.96,65.41
Ligue_1,2025,Lille,34,18,7,9,52,37,61,57.19,38.61,57.32
Ligue_1,2025,Lyon,34,18,6,10,53,40,60,55.16,47.98,52.81
Ligue_1,2025,Marseille,34,18,5,11,63,45,59,69.45,49.66,59.16
Ligue_1,2025,Rennes,34,17,8,9,59,50,59,54.47,60.22,44.62
Ligue_1,2025,Monaco,34,16,6,12,60,54,54,61.41,51.21,53.28
Ligue_1,2025,Strasbourg,34,15,8,11,58,47,53,56.77,47.74,51.78
Ligue_1,2025,Toulouse,34,12,9,13,47,46,45,46.61,44.40,49.73
Ligue_1,2025,Lorient,34,11,12,11,48,51,45,49.11,52.87,43.19
Ligue_1,2025,Paris FC,34,11,11,12,47,50,44,49.71,56.59,43.12
Ligue_1,2025,Brest,34,10,9,15,43,55,39,46.38,56.24,42.51
Ligue_1,2025,Angers,34,9,9,16,29,48,36,33.46,60.27,30.36
Ligue_1,2025,Le Havre,34,7,14,13,32,44,35,38.69,55.73,38.58
Ligue_1,2025,Auxerre,34,8,10,16,34,44,34,40.34,50.05,40.60
Ligue_1,2025,Nice,34,7,11,16,37,60,32,46.79,60.75,38.63
Ligue_1,2025,Nantes,34,5,9,20,29,52,24,37.91,53.07,36.28
Ligue_1,2025,Metz,34,3,8,23,32,76,17,33.58,65.04,28.13
EPL,2025,Arsenal,38,26,7,5,71,27,85,77.49,33.13,79.87
EPL,2025,Manchester City,38,23,9,6,77,35,78,79.36,46.49,73.95
EPL,2025,Manchester United,38,20,11,7,69,50,71,72.19,50.28,64.45
EPL,2025,Aston Villa,38,19,8,11,56,49,65,56.20,56.68,51.07
EPL,2025,Liverpool,38,17,9,12,63,53,60,67.26,53.87,61.54
EPL,2025,Bournemouth,38,13,18,7,58,54,57,66.83,56.77,60.33
EPL,2025,Sunderland,38,14,12,12,42,48,54,43.14,60.34,42.03
EPL,2025,Brighton,38,14,11,13,52,46,53,58.42,53.75,55.35
EPL,2025,Brentford,38,14,11,13,55,52,53,66.26,59.11,57.24
EPL,2025,Chelsea,38,14,10,14,58,52,52,72.21,58.12,58.85
EPL,2025,Fulham,38,15,7,16,47,51,52,49.58,60.84,45.08
EPL,2025,Newcastle United,38,14,7,17,53,55,49,60.61,57.31,54.83
EPL,2025,Everton,38,13,10,15,47,50,49,49.87,59.99,46.17
EPL,2025,Leeds,38,11,14,13,49,56,47,59.77,56.33,56.50
EPL,2025,Crystal Palace,38,11,12,15,41,51,45,62.46,60.05,53.88
EPL,2025,Nottingham Forest,38,11,11,16,48,51,44,48.94,64.74,42.24
EPL,2025,Tottenham,38,10,11,17,48,57,41,46.80,55.59,49.25
EPL,2025,West Ham,38,10,9,19,46,65,39,49.64,68.12,43.49
EPL,2025,Burnley,38,4,10,24,38,75,22,36.94,82.58,24.31
EPL,2025,Wolverhampton Wanderers,38,3,11,24,27,68,20,38.44,68.30,35.44
La_Liga,2024,Barcelona,38,28,4,6,102,39,88,99.47,42.98,83.47
La_Liga,2024,Real Madrid,38,26,6,6,78,38,84,88.10,46.07,75.26
La_Liga,2024,Atletico Madrid,38,22,10,6,68,30,76,72.32,38.56,70.66
La_Liga,2024,Athletic Club,38,19,13,6,54,29,70,59.70,42.38,62.19
La_Liga,2024,Villarreal,38,20,10,8,71,51,70,74.05,51.50,67.13
La_Liga,2024,Real Betis,38,16,12,10,57,50,60,60.79,51.73,60.16
La_Liga,2024,Celta Vigo,38,16,7,15,59,57,55,58.45,50.31,58.66
La_Liga,2024,Osasuna,38,12,16,10,48,52,52,49.43,58.51,47.47
La_Liga,2024,Rayo Vallecano,38,13,13,12,41,45,52,49.97,57.14,47.97
La_Liga,2024,Mallorca,38,13,9,16,35,44,48,44.40,53.82,48.61
La_Liga,2024,Valencia,38,11,13,14,44,54,46,46.91,55.79,49.41
La_Liga,2024,Real Sociedad,38,13,7,18,35,46,46,47.91,49.18,51.87
La_Liga,2024,Getafe,38,11,9,18,34,39,42,41.38,51.12,45.79
La_Liga,2024,Alaves,38,10,12,16,38,48,42,46.38,51.49,50.00
La_Liga,2024,Espanyol,38,11,9,18,40,51,42,38.68,59.02,39.82
La_Liga,2024,Sevilla,38,10,11,17,42,55,41,45.11,50.79,48.26
La_Liga,2024,Girona,38,11,8,19,44,60,41,46.26,56.39,47.68
La_Liga,2024,Leganes,38,9,13,16,39,56,40,38.56,65.35,36.12
La_Liga,2024,Las Palmas,38,8,8,22,40,61,32,39.06,73.84,31.14
La_Liga,2024,Real Valladolid,38,4,4,30,26,90,16,36.08,77.03,31.65
Bundesliga,2024,Bayern Munich,34,25,7,2,99,32,82,95.02,27.99,81.80
Bundesliga,2024,Bayer Leverkusen,34,19,12,3,72,43,69,63.04,41.43,59.78
Bundesliga,2024,Eintracht Frankfurt,34,17,9,8,68,46,60,72.84,52.98,61.41
Bundesliga,2024,Borussia Dortmund,34,17,6,11,71,51,57,68.74,48.32,58.09
Bundesliga,2024,Freiburg,34,16,7,11,49,53,55,54.56,47.80,51.52
Bundesliga,2024,Mainz 05,34,14,10,10,55,43,52,55.82,51.15,51.74
Bundesliga,2024,RasenBallsport Leipzig,34,13,12,9,53,48,51,52.34,64.37,42.25
Bundesliga,2024,Werder Bremen,34,14,9,11,54,57,51,56.26,55.31,49.36
Bundesliga,2024,VfB Stuttgart,34,14,8,12,64,53,50,71.19,52.81,57.85
Bundesliga,2024,Borussia M.Gladbach,34,13,6,15,55,57,45,53.46,67.48,40.26
Bundesliga,2024,Wolfsburg,34,11,10,13,56,54,43,53.38,58.04,44.32
Bundesliga,2024,Augsburg,34,11,10,13,35,51,43,39.13,52.32,40.06
Bundesliga,2024,Union Berlin,34,10,11,13,36,50,41,43.01,51.63,41.97
Bundesliga,2024,St. Pauli,34,8,8,18,28,41,32,39.47,53.50,39.98
Bundesliga,2024,Hoffenheim,34,7,11,16,46,68,32,46.92,63.88,37.21
Bundesliga,2024,FC Heidenheim,34,8,5,21,37,64,29,42.96,64.34,34.48
Bundesliga,2024,Holstein Kiel,34,6,7,21,49,80,25,43.57,70.59,31.09
Bundesliga,2024,Bochum,34,5,8,21,32,68,23,46.07,73.83,32.43
Ligue_1,2024,Paris Saint Germain,34,26,6,2,92,35,84,103.63,36.39,83.66
Ligue_1,2024,Marseille,34,20,5,9,74,47,65,68.84,51.47,56.27
Ligue_1,2024,Monaco,34,18,7,9,63,41,61,76.93,38.38,70.06
Ligue_1,2024,Nice,34,17,9,8,66,41,60,66.84,44.99,60.84
Ligue_1,2024,Lille,34,17,9,8,52,36,60,60.44,45.74,56.61
Ligue_1,2024,Lyon,34,17,6,11,65,46,57,64.98,48.29,56.43
Ligue_1,2024,Strasbourg,34,16,9,9,56,44,57,53.81,61.78,43.42
Ligue_1,2024,Lens,34,15,7,12,42,39,52,58.74,47.87,53.87
Ligue_1,2024,Brest,34,15,5,14,52,59,50,52.78,66.25,40.08
Ligue_1,2024,Toulouse,34,11,9,14,44,43,42,54.89,39.34,56.48
Ligue_1,2024,Auxerre,34,11,9,14,48,51,42,42.78,62.85,34.95
Ligue_1,2024,Rennes,34,13,2,19,51,50,41,53.80,50.80,47.64
Ligue_1,2024,Nantes,34,8,12,14,39,52,36,44.90,60.06,40.18
Ligue_1,2024,Angers,34,10,6,18,32,53,36,39.61,64.62,35.46
Ligue_1,2024,Le Havre,34,10,4,20,40,71,34,45.35,68.95,34.57
Ligue_1,2024,Reims,34,8,9,17,33,47,33,41.63,63.26,34.04
Ligue_1,2024,Saint-Etienne,34,8,6,20,39,77,30,40.49,84.02,26.78
Ligue_1,2024,Montpellier,34,4,4,26,23,79,16,38.45,73.82,27.02
